<?xml version="1.0" encoding="UTF-8"?>

<!-- generated on 11/22/18 23:35:14 by Eclipse SUMO netconvert Version 1.0.1
<configuration xmlns:xsi="http://www.w3.org/2001/XMLSchema-instance" xsi:noNamespaceSchemaLocation="http://sumo.dlr.de/xsd/netconvertConfiguration.xsd">

    <input>
        <node-files value="my_nodes.nod.xml"/>
        <edge-files value="my_edge.edg.xml"/>
        <type-files value="my_type.type.xml"/>
    </input>

    <output>
        <output-file value="my_net.net.xml"/>
    </output>

</configuration>
-->

<net version="1.0" junctionCornerDetail="5" limitTurnSpeed="5.50" xmlns:xsi="http://www.w3.org/2001/XMLSchema-instance" xsi:noNamespaceSchemaLocation="http://sumo.dlr.de/xsd/net_file.xsd">

    <location netOffset="50.00,50.00" convBoundary="0.00,0.00,200.00,250.00" origBoundary="-50.00,-50.00,150.00,200.00" projParameter="!"/>

    <type id="2L15" priority="3" numLanes="2" speed="15.00"/>
    <type id="3L30" priority="2" numLanes="3" speed="30.00"/>
    <type id="3L45" priority="3" numLanes="3" speed="45.00"/>

    <edge id=":n2_0" function="internal">
        <lane id=":n2_0_0" index="0" speed="7.33" length="11.73" shape="89.25,53.96 90.60,51.84 90.67,49.43 89.46,46.75 86.99,43.78"/>
    </edge>
    <edge id=":n2_1" function="internal">
        <lane id=":n2_1_0" index="0" speed="8.67" length="16.85" shape="91.51,56.22 93.71,52.97 94.06,49.43 92.58,45.62 89.25,41.51"/>
    </edge>
    <edge id=":n3_0" function="internal">
        <lane id=":n3_0_0" index="0" speed="6.51" length="9.03" shape="56.22,13.01 54.24,11.53 52.26,11.03 50.28,11.53 48.30,13.01"/>
    </edge>
    <edge id=":n3_1" function="internal">
        <lane id=":n3_1_0" index="0" speed="7.33" length="11.73" shape="56.22,13.01 53.25,10.54 50.57,9.33 48.16,9.40 46.04,10.75"/>
    </edge>
    <edge id=":n3_2" function="internal">
        <lane id=":n3_2_0" index="0" speed="8.67" length="16.85" shape="58.49,10.75 54.38,7.42 50.57,5.94 47.03,6.29 43.78,8.49"/>
    </edge>
    <edge id=":n4_0" function="internal">
        <lane id=":n4_0_0" index="0" speed="3.90" length="2.58" shape="12.45,48.87 12.02,49.43 11.88,50.00 12.02,50.57 12.45,51.13"/>
    </edge>
    <edge id=":n4_1" function="internal">
        <lane id=":n4_1_0" index="0" speed="6.08" length="7.74" shape="10.18,46.61 8.91,48.30 8.49,50.00 8.91,51.70 10.18,53.39"/>
    </edge>
    <edge id=":n4_2" function="internal">
        <lane id=":n4_2_0" index="0" speed="7.66" length="12.90" shape="7.92,44.34 5.80,47.17 5.09,50.00 5.80,52.83 7.92,55.66"/>
    </edge>

    <edge id="1to2" from="n1" to="n2" priority="3" type="3L45">
        <lane id="1to2_0" index="0" speed="45.00" length="60.31" shape="44.34,94.34 86.99,51.70"/>
        <lane id="1to2_1" index="1" speed="45.00" length="60.31" shape="46.61,96.61 89.25,53.96"/>
        <lane id="1to2_2" index="2" speed="45.00" length="60.31" shape="48.87,98.87 91.51,56.22"/>
    </edge>
    <edge id="2to3" from="n2" to="n3" priority="3" type="2L15">
        <lane id="2to3_0" index="0" speed="15.00" length="43.51" shape="86.99,43.78 56.22,13.01"/>
        <lane id="2to3_1" index="1" speed="15.00" length="43.51" shape="89.25,41.51 58.49,10.75"/>
    </edge>
    <edge id="3to4" from="n3" to="n4" priority="2" type="3L30">
        <lane id="3to4_0" index="0" speed="30.00" length="50.71" shape="48.30,13.01 12.45,48.87"/>
        <lane id="3to4_1" index="1" speed="30.00" length="50.71" shape="46.04,10.75 10.18,46.61"/>
        <lane id="3to4_2" index="2" speed="30.00" length="50.71" shape="43.78,8.49 7.92,44.34"/>
    </edge>
    <edge id="out" from="n4" to="n5" priority="2" type="3L30">
        <lane id="out_0" index="0" speed="30.00" length="273.24" shape="12.45,51.13 205.66,244.34"/>
        <lane id="out_1" index="1" speed="30.00" length="273.24" shape="10.18,53.39 203.39,246.61"/>
        <lane id="out_2" index="2" speed="30.00" length="273.24" shape="7.92,55.66 201.13,248.87"/>
    </edge>

    <tlLogic id="n2" type="static" programID="0" offset="0">
        <phase duration="76" state="GG"/>
        <phase duration="9"  state="yy"/>
        <phase duration="5"  state="rr"/>
    </tlLogic>
    <tlLogic id="n3" type="static" programID="0" offset="0">
        <phase duration="82" state="GGG"/>
        <phase duration="3"  state="yyy"/>
        <phase duration="5"  state="rrr"/>
    </tlLogic>

    <junction id="n1" type="dead_end" x="50.00" y="100.00" incLanes="" intLanes="" shape="50.00,100.00 43.21,93.21"/>
    <junction id="n2" type="traffic_light" x="100.00" y="50.00" incLanes="1to2_0 1to2_1 1to2_2" intLanes=":n2_0_0 :n2_1_0" shape="90.38,40.38 85.86,44.91 87.11,46.79 87.27,47.74 87.11,48.68 86.64,49.62 85.86,50.57 92.65,57.35 94.63,54.84 95.66,52.20 95.76,49.43 94.91,46.54 93.12,43.53">
        <request index="0" response="00" foes="00" cont="0"/>
        <request index="1" response="00" foes="00" cont="0"/>
    </junction>
    <junction id="n3" type="traffic_light" x="50.00" y="0.00" incLanes="2to3_0 2to3_1" intLanes=":n3_0_0 :n3_1_0 :n3_2_0" shape="55.09,14.14 59.62,9.62 56.47,6.88 53.46,5.09 50.57,4.24 47.80,4.34 45.16,5.37 42.65,7.35 49.43,14.14 51.32,12.89 52.26,12.73 53.21,12.89 54.15,13.36">
        <request index="0" response="000" foes="000" cont="0"/>
        <request index="1" response="000" foes="000" cont="0"/>
        <request index="2" response="000" foes="000" cont="0"/>
    </junction>
    <junction id="n4" type="priority" x="0.00" y="50.00" incLanes="3to4_0 3to4_1 3to4_2" intLanes=":n4_0_0 :n4_1_0 :n4_2_0" shape="6.79,56.79 13.58,50.00 6.79,43.21 4.90,45.47 3.77,47.74 3.39,50.00 3.77,52.26 4.90,54.53">
        <request index="0" response="000" foes="000" cont="0"/>
        <request index="1" response="000" foes="000" cont="0"/>
        <request index="2" response="000" foes="000" cont="0"/>
    </junction>
    <junction id="n5" type="dead_end" x="200.00" y="250.00" incLanes="out_0 out_1 out_2" intLanes="" shape="206.79,243.21 200.00,250.00"/>

    <connection from="1to2" to="2to3" fromLane="1" toLane="0" via=":n2_0_0" tl="n2" linkIndex="0" dir="r" state="O"/>
    <connection from="1to2" to="2to3" fromLane="2" toLane="1" via=":n2_1_0" tl="n2" linkIndex="1" dir="r" state="O"/>
    <connection from="2to3" to="3to4" fromLane="0" toLane="0" via=":n3_0_0" tl="n3" linkIndex="0" dir="r" state="O"/>
    <connection from="2to3" to="3to4" fromLane="0" toLane="1" via=":n3_1_0" tl="n3" linkIndex="1" dir="r" state="O"/>
    <connection from="2to3" to="3to4" fromLane="1" toLane="2" via=":n3_2_0" tl="n3" linkIndex="2" dir="r" state="O"/>
    <connection from="3to4" to="out" fromLane="0" toLane="0" via=":n4_0_0" dir="r" state="M"/>
    <connection from="3to4" to="out" fromLane="1" toLane="1" via=":n4_1_0" dir="r" state="M"/>
    <connection from="3to4" to="out" fromLane="2" toLane="2" via=":n4_2_0" dir="r" state="M"/>

    <connection from=":n2_0" to="2to3" fromLane="0" toLane="0" dir="r" state="M"/>
    <connection from=":n2_1" to="2to3" fromLane="0" toLane="1" dir="r" state="M"/>
    <connection from=":n3_0" to="3to4" fromLane="0" toLane="0" dir="r" state="M"/>
    <connection from=":n3_1" to="3to4" fromLane="0" toLane="1" dir="r" state="M"/>
    <connection from=":n3_2" to="3to4" fromLane="0" toLane="2" dir="r" state="M"/>
    <connection from=":n4_0" to="out" fromLane="0" toLane="0" dir="r" state="M"/>
    <connection from=":n4_1" to="out" fromLane="0" toLane="1" dir="r" state="M"/>
    <connection from=":n4_2" to="out" fromLane="0" toLane="2" dir="r" state="M"/>

</net>
